<?xml version="1.0"?>
<Runs Version="1" Minor="0">
	<Run Id="CHAR_ORD_MEM_synth_1" LaunchDir="/home/ip/GPU_VGA_cntrl_and_source_img_gen/GPU_VGA_cntrl_and_source_img_gen.runs/CHAR_ORD_MEM_synth_1" FlowId="Vivado_Synthesis" FromStepId="vivado" ToStepId="vivado"/>
	<Run Id="synth_1" LaunchDir="/home/ip/GPU_VGA_cntrl_and_source_img_gen/GPU_VGA_cntrl_and_source_img_gen.runs/synth_1" FlowId="Vivado_Synthesis" FromStepId="vivado" ToStepId="vivado">
		<Parent Id="CHAR_ORD_MEM_synth_1"/>
	</Run>
	<Parameters>
		<Parameter Name="runs.monitorLSFJobs" Val="true" Type="bool"/>
		<Parameter Name="runs.enableClusterConf" Val="true" Type="bool"/>
	</Parameters>
</Runs>

